id,square,occurrence,data
1,29TPH2,post70_1,1
2,29TPH3,post70_1,1
3,29TPH4,post70_1,1
4,29TPJ4,post70_1,1
5,29TQH1,post70_1,1
6,30TTN3,post70_1,1
7,30TUN1,post70_1,1
8,30TUN3,post70_1,1
9,30TUP2,post70_1,1
10,30TUP4,post70_1,1
11,30TVM3,post70_1,1
12,30TVN1,post70_1,1
13,30TVN2,post70_1,1
14,30TVN3,post70_1,1
15,30TWM2,post70_1,1
16,30TWN1,post70_1,1
17,30TWN2,post70_1,1
18,30TWN3,post70_1,1
19,30TXM3,post70_1,1
20,30TXN1,post70_1,1
21,30TXN3,post70_1,1
22,30TYM1,post70_1,1
23,30TYN1,post70_1,1
24,30TYN2,post70_1,1
25,30TYT2,post70_1,1
26,30UUA1,post70_1,1
27,30UUA3,post70_1,1
28,30UVA3,pre70_1,2
29,30UVB2,post70_1,1
30,30UVC1,post70_1,1
31,30UVC2,post70_1,1
32,30UVC3,post70_1,1
33,30UVD1,pre70_1,2
34,30UVD2,pre70_1,2
35,30UVD3,pre70_1,2
36,30UVD4,post70_1,1
37,30UWB1,post70_1,1
38,30UWB2,pre70_1,2
39,30UWB3,pre70_1,2
40,30UWB4,post70_1,1
41,30UWC1,post70_1,1
42,30UWC2,post70_1,1
43,30UWC3,post70_1,1
44,30UWC4,post70_1,1
45,30UWD1,pre70_1,2
46,30UWD2,post70_1,1
47,30UWD4,pre70_1,2
48,30UWE2,post70_1,1
49,30UWE4,pre70_1,2
50,30UWF3,pre70_1,2
51,30UXB1,post70_1,1
52,30UXB2,post70_1,1
53,30UXB3,post70_1,1
54,30UXB4,post70_1,1
55,30UXC2,post70_1,1
56,30UXC3,post70_1,1
57,30UXC4,post70_1,1
58,30UXD1,pre70_1,2
59,30UXD2,post70_1,1
60,30UXD4,post70_1,1
61,30UXE4,pre70_1,2
62,31TCH1,post70_1,1
63,31TCH3,post70_1,1
64,31TCH4,post70_1,1
65,31TCK4,post70_1,1
66,31TCL3,post70_1,1
67,31TCL4,post70_1,1
68,31TCM1,post70_1,1
69,31TCM3,post70_1,1
70,31TDJ2,post70_1,1
71,31TDJ4,post70_1,1
72,31TDK4,post70_1,1
73,31TDL1,post70_1,1
74,31TDL2,post70_1,1
75,31TDL3,post70_1,1
76,31TDL4,post70_1,1
77,31TDM1,post70_1,1
78,31TDM2,post70_1,1
79,31TDM3,post70_1,1
80,31TDM4,post70_1,1
81,31TEK1,post70_1,1
82,31TEK2,post70_1,1
83,31TEK3,post70_1,1
84,31TEK4,post70_1,1
85,31TEL1,post70_1,1
86,31TEL2,post70_1,1
87,31TEL3,post70_1,1
88,31TEL4,post70_1,1
89,31TEM1,post70_1,1
90,31TEM2,post70_1,1
91,31TEM3,post70_1,1
92,31TEM4,post70_1,1
93,31TEN1,post70_1,1
94,31TEN2,post70_1,1
95,31TEN3,post70_1,1
96,31TEN4,post70_1,1
97,31TFJ3,post70_1,1
98,31TFK1,post70_1,1
99,31TFK2,post70_1,1
100,31TFK3,post70_1,1
101,31TFK4,post70_1,1
102,31TFL1,post70_1,1
103,31TFL2,post70_1,1
104,31TFL3,post70_1,1
105,31TFL4,post70_1,1
106,31TFM1,post70_1,1
107,31TFM2,post70_1,1
108,31TFM3,post70_1,1
109,31TFM4,post70_1,1
110,31TFN1,post70_1,1
111,31TFN2,post70_1,1
112,31TFN3,post70_1,1
113,31TFN4,post70_1,1
114,31TGK1,post70_1,1
115,31TGL1,post70_1,1
116,31TGL2,post70_1,1
117,31TGM1,post70_1,1
118,31TGM2,post70_1,1
119,31TGN1,post70_1,1
120,31TGN2,post70_1,1
121,31UCQ2,post70_1,1
122,31UCS1,post70_1,1
123,31UCS2,post70_1,1
124,31UCS3,post70_1,1
125,31UCT1,post70_1,1
126,31UCT2,post70_1,1
127,31UCT3,post70_1,1
128,31UCT4,post70_1,1
129,31UCU1,pre70_1,2
130,31UCU2,post70_1,1
131,31UCU4,post70_1,1
132,31UDQ1,post70_1,1
133,31UDQ3,post70_1,1
134,31UDQ4,post70_1,1
135,31UDT1,post70_1,1
136,31UDU2,pre70_1,2
137,31UEP1,post70_1,1
138,31UEP3,post70_1,1
139,31UEP4,post70_1,1
140,31UEQ1,post70_1,1
141,31UEQ3,post70_1,1
142,31UEQ4,post70_1,1
143,31UER2,post70_1,1
144,31UER4,post70_1,1
145,31UFP1,post70_1,1
146,31UFP2,post70_1,1
147,31UFP3,post70_1,1
148,31UFP4,post70_1,1
149,31UFQ1,post70_1,1
150,31UFQ2,post70_1,1
151,31UFQ3,post70_1,1
152,31UFQ4,post70_1,1
153,31UFR1,post70_1,1
154,31UFR2,post70_1,1
155,31UFR3,post70_1,1
156,31UFR4,post70_1,1
157,31UFS4,post70_1,1
158,31UGP1,post70_1,1
159,31UGP2,post70_1,1
160,31UGQ1,post70_1,1
161,32TKP3,post70_1,1
162,32TKQ3,post70_1,1
163,32TKR3,post70_1,1
164,32TKR4,post70_1,1
165,32TLP1,post70_1,1
166,32TLP3,post70_1,1
167,32TLQ1,post70_1,1
168,32TLQ2,post70_1,1
169,32TLR1,post70_1,1
170,32TLR2,post70_1,1
171,32TLR3,post70_1,1
172,32TLR4,post70_1,1
173,32TLS1,post70_1,1
174,32TLS2,post70_1,1
175,32TLS3,post70_1,1
176,32TLS4,post70_1,1
177,32TLT1,post70_1,1
178,32TLT2,post70_1,1
179,32TLT3,post70_1,1
180,32TLT4,post70_1,1
181,32TMR1,pre70_1,2
182,32TMR3,post70_1,1
183,32TMS1,post70_1,1
184,32TMS2,post70_1,1
185,32TMS3,post70_1,1
186,32TMS4,post70_1,1
187,32TMT1,post70_1,1
188,32TMT2,post70_1,1
189,32TMT3,post70_1,1
190,32TMT4,post70_1,1
191,32TNP3,post70_1,1
192,32TNQ1,post70_1,1
193,32TNQ2,post70_1,1
194,32TNQ3,post70_1,1
195,32TNQ4,post70_1,1
196,32TNR1,post70_1,1
197,32TNR2,post70_1,1
198,32TNR3,post70_1,1
199,32TNR4,post70_1,1
200,32TNS1,post70_1,1
201,32TNS2,post70_1,1
202,32TNS3,post70_1,1
203,32TNS4,post70_1,1
204,32TNT1,post70_1,1
205,32TNT2,post70_1,1
206,32TNT3,post70_1,1
207,32TNT4,post70_1,1
208,32TPM3,post70_1,1
209,32TPN1,post70_1,1
210,32TPN2,post70_1,1
211,32TPN3,post70_1,1
212,32TPN4,post70_1,1
213,32TPP1,post70_1,1
214,32TPP3,post70_1,1
215,32TPP4,post70_1,1
216,32TPQ2,post70_1,1
217,32TPQ4,post70_1,1
218,32TPR1,post70_1,1
219,32TPR2,post70_1,1
220,32TPR3,post70_1,1
221,32TPR4,post70_1,1
222,32TPS1,post70_1,1
223,32TPS2,post70_1,1
224,32TPS4,post70_1,1
225,32TPT2,post70_1,1
226,32TPT4,post70_1,1
227,32TQM1,post70_1,1
228,32TQN1,post70_1,1
229,32TQN2,post70_1,1
230,32TQP1,post70_1,1
231,32TQP2,post70_1,1
232,32TQQ2,post70_1,1
233,32TQR1,post70_1,1
234,32TQR2,post70_1,1
235,32TQS1,post70_1,1
236,32TQS2,post70_1,1
237,32TQT1,post70_1,1
238,32TQT2,post70_1,1
239,32ULA1,post70_1,1
240,32ULA2,post70_1,1
241,32ULA3,post70_1,1
242,32ULA4,post70_1,1
243,32ULB1,post70_1,1
244,32ULB2,post70_1,1
245,32ULB3,post70_1,1
246,32ULB4,post70_1,1
247,32ULC3,post70_1,1
248,32ULC4,post70_1,1
249,32ULU1,post70_1,1
250,32ULU2,post70_1,1
251,32ULU3,post70_1,1
252,32ULU4,post70_1,1
253,32ULV1,post70_1,1
254,32ULV2,post70_1,1
255,32ULV3,post70_1,1
256,32ULV4,post70_1,1
257,32UMA1,post70_1,1
258,32UMA2,post70_1,1
259,32UMA3,post70_1,1
260,32UMA4,post70_1,1
261,32UMB1,post70_1,1
262,32UMB2,post70_1,1
263,32UMB3,post70_1,1
264,32UMB4,post70_1,1
265,32UMC1,post70_1,1
266,32UMC2,post70_1,1
267,32UMC3,post70_1,1
268,32UMC4,post70_1,1
269,32UMD3,post70_1,1
270,32UMD4,post70_1,1
271,32UME3,post70_1,1
272,32UME4,post70_1,1
273,32UMF3,post70_1,1
274,32UMG3,post70_1,1
275,32UMG4,post70_1,1
276,32UMU1,post70_1,1
277,32UMU2,post70_1,1
278,32UMU3,post70_1,1
279,32UMU4,post70_1,1
280,32UMV1,post70_1,1
281,32UMV2,post70_1,1
282,32UMV3,post70_1,1
283,32UMV4,post70_1,1
284,32UNA1,post70_1,1
285,32UNA2,post70_1,1
286,32UNA3,post70_1,1
287,32UNA4,post70_1,1
288,32UNB1,pre70_1,2
289,32UNB3,post70_1,1
290,32UNB4,post70_1,1
291,32UNC1,post70_1,1
292,32UNC2,post70_1,1
293,32UNC3,post70_1,1
294,32UNC4,post70_1,1
295,32UND2,post70_1,1
296,32UND3,post70_1,1
297,32UND4,post70_1,1
298,32UNE1,post70_1,1
299,32UNE2,post70_1,1
300,32UNE3,post70_1,1
301,32UNE4,post70_1,1
302,32UNF1,post70_1,1
303,32UNF2,post70_1,1
304,32UNF3,post70_1,1
305,32UNF4,post70_1,1
306,32UNG1,post70_1,1
307,32UNG2,post70_1,1
308,32UNG3,post70_1,1
309,32UNG4,pre70_1,2
310,32UNU1,post70_1,1
311,32UNU2,post70_1,1
312,32UNU3,post70_1,1
313,32UNU4,post70_1,1
314,32UNV1,post70_1,1
315,32UNV2,post70_1,1
316,32UNV3,post70_1,1
317,32UNV4,post70_1,1
318,32UPA1,post70_1,1
319,32UPA2,post70_1,1
320,32UPA3,post70_1,1
321,32UPA4,post70_1,1
322,32UPB1,post70_1,1
323,32UPB2,post70_1,1
324,32UPB3,post70_1,1
325,32UPB4,post70_1,1
326,32UPC1,post70_1,1
327,32UPC2,post70_1,1
328,32UPC3,post70_1,1
329,32UPC4,post70_1,1
330,32UPD1,post70_1,1
331,32UPD2,post70_1,1
332,32UPD3,post70_1,1
333,32UPD4,post70_1,1
334,32UPE1,post70_1,1
335,32UPE2,post70_1,1
336,32UPE3,post70_1,1
337,32UPE4,post70_1,1
338,32UPF1,post70_1,1
339,32UPF2,post70_1,1
340,32UPF3,post70_1,1
341,32UPF4,post70_1,1
342,32UPG1,post70_1,1
343,32UPG2,post70_1,1
344,32UPG3,pre70_1,2
345,32UPG4,post70_1,1
346,32UPU1,post70_1,1
347,32UPU3,post70_1,1
348,32UPU4,pre70_1,2
349,32UPV1,post70_1,1
350,32UPV2,post70_1,1
351,32UPV3,post70_1,1
352,32UPV4,post70_1,1
353,32UQU1,post70_1,1
354,32UQU2,pre70_1,2
355,32VKP3,post70_1,1
356,32VLN3,post70_1,1
357,32VLP1,post70_1,1
358,32VMH3,post70_1,1
359,32VMH4,post70_1,1
360,32VML3,post70_1,1
361,32VMR4,post70_1,1
362,32VNH1,post70_1,1
363,32VNH2,post70_1,1
364,32VNH3,post70_1,1
365,32VNH4,post70_1,1
366,32VNJ1,pre70_1,2
367,32VNJ2,post70_1,1
368,32VNJ3,post70_1,1
369,32VNJ4,post70_1,1
370,32VNN3,pre70_1,2
371,32VNN4,post70_1,1
372,32VNP2,pre70_1,2
373,32VNR2,post70_1,1
374,32VPH1,post70_1,1
375,32VPH2,post70_1,1
376,32VPH4,pre70_1,2
377,32VPJ3,post70_1,1
378,32VPJ4,post70_1,1
379,32VPK1,post70_1,1
380,32VPK3,post70_1,1
381,32VPK4,post70_1,1
382,32VPL1,post70_1,1
383,32VPL2,post70_1,1
384,32VPL3,post70_1,1
385,32VPL4,post70_1,1
386,32VPM1,post70_1,1
387,32VPN1,post70_1,1
388,32VPN2,post70_1,1
389,33SWC3,post70_1,1
390,33SWC4,post70_1,1
391,33SWD3,post70_1,1
392,33SWD4,post70_1,1
393,33SWE4,post70_1,1
394,33SXC1,post70_1,1
395,33SXC2,post70_1,1
396,33SXD1,post70_1,1
397,33SXD2,post70_1,1
398,33SXD3,post70_1,1
399,33SXD4,post70_1,1
400,33SXE2,post70_1,1
401,33TTG3,post70_1,1
402,33TTH3,post70_1,1
403,33TTH4,post70_1,1
404,33TTJ3,post70_1,1
405,33TTJ4,post70_1,1
406,33TTK4,post70_1,1
407,33TTL3,post70_1,1
408,33TUF1,post70_1,1
409,33TUF3,post70_1,1
410,33TUG1,post70_1,1
411,33TUG2,post70_1,1
412,33TUG3,post70_1,1
413,33TUG4,post70_1,1
414,33TUH1,post70_1,1
415,33TUH2,post70_1,1
416,33TUH3,post70_1,1
417,33TUH4,post70_1,1
418,33TUJ1,post70_1,1
419,33TUJ2,post70_1,1
420,33TUJ4,post70_1,1
421,33TUK3,post70_1,1
422,33TUL3,post70_1,1
423,33TUL4,post70_1,1
424,33TUM1,post70_1,1
425,33TUM2,post70_1,1
426,33TUM3,post70_1,1
427,33TUM4,post70_1,1
428,33TUN1,post70_1,1
429,33TUN2,post70_1,1
430,33TUN3,post70_1,1
431,33TUN4,post70_1,1
432,33TVF1,post70_1,1
433,33TVF3,post70_1,1
434,33TVG1,post70_1,1
435,33TVG2,post70_1,1
436,33TVG4,post70_1,1
437,33TVK1,post70_1,1
438,33TVK3,post70_1,1
439,33TVK4,post70_1,1
440,33TVL1,post70_1,1
441,33TVL2,post70_1,1
442,33TVL3,post70_1,1
443,33TVL4,post70_1,1
444,33TVM1,post70_1,1
445,33TVM2,post70_1,1
446,33TVM3,post70_1,1
447,33TVM4,post70_1,1
448,33TVN1,post70_1,1
449,33TVN2,post70_1,1
450,33TVN3,post70_1,1
451,33TVN4,post70_1,1
452,33TWE1,post70_1,1
453,33TWF1,post70_1,1
454,33TWF2,post70_1,1
455,33TWG2,post70_1,1
456,33TWG4,post70_1,1
457,33TWJ1,post70_1,1
458,33TWK1,post70_1,1
459,33TWK2,post70_1,1
460,33TWK3,post70_1,1
461,33TWK4,post70_1,1
462,33TWL1,post70_1,1
463,33TWL2,post70_1,1
464,33TWL3,post70_1,1
465,33TWL4,post70_1,1
466,33TWM1,post70_1,1
467,33TWM2,post70_1,1
468,33TWM3,post70_1,1
469,33TWM4,post70_1,1
470,33TWN1,post70_1,1
471,33TWN2,post70_1,1
472,33TWN3,post70_1,1
473,33TWN4,post70_1,1
474,33TXE1,post70_1,1
475,33TXJ1,post70_1,1
476,33TXJ3,post70_1,1
477,33TXJ4,post70_1,1
478,33TXK2,post70_1,1
479,33TXK3,pre70_1,2
480,33TXK4,post70_1,1
481,33TXL2,post70_1,1
482,33TXL3,post70_1,1
483,33TXL4,post70_1,1
484,33TXM1,post70_1,1
485,33TXM2,post70_1,1
486,33TXM3,post70_1,1
487,33TXM4,post70_1,1
488,33TXN1,post70_1,1
489,33TXN2,post70_1,1
490,33TYJ1,post70_1,1
491,33TYJ2,post70_1,1
492,33TYK1,post70_1,1
493,33TYL1,post70_1,1
494,33TYL2,post70_1,1
495,33TYN1,post70_1,1
496,33TYN2,post70_1,1
497,33UUA1,post70_1,1
498,33UUA2,post70_1,1
499,33UUA3,post70_1,1
500,33UUA4,post70_1,1
501,33UUB1,post70_1,1
502,33UUB2,pre70_1,2
503,33UUB3,post70_1,1
504,33UUB4,post70_1,1
505,33UUP2,post70_1,1
506,33UUP3,post70_1,1
507,33UUP4,post70_1,1
508,33UUQ1,post70_1,1
509,33UUQ2,post70_1,1
510,33UUQ3,post70_1,1
511,33UUQ4,post70_1,1
512,33UUR1,post70_1,1
513,33UUR2,post70_1,1
514,33UUR3,post70_1,1
515,33UUR4,post70_1,1
516,33UUS1,post70_1,1
517,33UUS2,post70_1,1
518,33UUS3,post70_1,1
519,33UUS4,post70_1,1
520,33UUT1,post70_1,1
521,33UUT2,post70_1,1
522,33UUT3,post70_1,1
523,33UUT4,post70_1,1
524,33UUU1,post70_1,1
525,33UUU2,post70_1,1
526,33UUU3,post70_1,1
527,33UUU4,post70_1,1
528,33UUV1,post70_1,1
529,33UUV2,post70_1,1
530,33UUV3,post70_1,1
531,33UUV4,post70_1,1
532,33UVA2,post70_1,1
533,33UVB1,post70_1,1
534,33UVB2,post70_1,1
535,33UVB3,post70_1,1
536,33UVB4,post70_1,1
537,33UVP1,post70_1,1
538,33UVP2,post70_1,1
539,33UVP3,post70_1,1
540,33UVP4,post70_1,1
541,33UVQ1,post70_1,1
542,33UVQ2,post70_1,1
543,33UVQ3,post70_1,1
544,33UVQ4,post70_1,1
545,33UVR1,post70_1,1
546,33UVR2,post70_1,1
547,33UVR3,post70_1,1
548,33UVR4,post70_1,1
549,33UVS1,post70_1,1
550,33UVS2,post70_1,1
551,33UVS3,post70_1,1
552,33UVS4,post70_1,1
553,33UVT1,post70_1,1
554,33UVT2,post70_1,1
555,33UVT3,post70_1,1
556,33UVT4,post70_1,1
557,33UVU1,post70_1,1
558,33UVU2,post70_1,1
559,33UVU3,post70_1,1
560,33UVU4,post70_1,1
561,33UVV1,post70_1,1
562,33UVV2,post70_1,1
563,33UVV3,post70_1,1
564,33UVV4,post70_1,1
565,33UWA4,post70_1,1
566,33UWP1,post70_1,1
567,33UWP2,post70_1,1
568,33UWP3,post70_1,1
569,33UWP4,post70_1,1
570,33UWQ1,post70_1,1
571,33UWQ2,post70_1,1
572,33UWQ3,post70_1,1
573,33UWQ4,post70_1,1
574,33UWR1,post70_1,1
575,33UWR2,post70_1,1
576,33UWR3,post70_1,1
577,33UWR4,post70_1,1
578,33UWS1,post70_1,1
579,33UWS2,post70_1,1
580,33UWS4,post70_1,1
581,33UWT1,pre70_1,2
582,33UWT2,post70_1,1
583,33UWT3,post70_1,1
584,33UWT4,pre70_1,2
585,33UWU1,post70_1,1
586,33UWU2,post70_1,1
587,33UWU3,post70_1,1
588,33UWU4,pre70_1,2
589,33UWV1,pre70_1,2
590,33UWV2,post70_1,1
591,33UWV3,post70_1,1
592,33UWV4,post70_1,1
593,33UXA1,post70_1,1
594,33UXA2,post70_1,1
595,33UXA3,post70_1,1
596,33UXA4,post70_1,1
597,33UXP1,post70_1,1
598,33UXP2,post70_1,1
599,33UXP3,post70_1,1
600,33UXP4,post70_1,1
601,33UXQ1,post70_1,1
602,33UXQ2,post70_1,1
603,33UXQ3,post70_1,1
604,33UXQ4,post70_1,1
605,33UXR1,post70_1,1
606,33UXR2,post70_1,1
607,33UXR3,post70_1,1
608,33UXR4,post70_1,1
609,33UXS1,post70_1,1
610,33UXS2,post70_1,1
611,33UXS3,pre70_1,2
612,33UXS4,pre70_1,2
613,33UXT1,pre70_1,2
614,33UXT2,pre70_1,2
615,33UXU1,pre70_1,2
616,33UXU2,post70_1,1
617,33UXU3,pre70_1,2
618,33UXU4,post70_1,1
619,33UXV1,post70_1,1
620,33UXV2,post70_1,1
621,33UXV3,post70_1,1
622,33UXV4,post70_1,1
623,33UYP1,post70_1,1
624,33UYP2,post70_1,1
625,33VUC1,post70_1,1
626,33VUC2,post70_1,1
627,33VUC3,post70_1,1
628,33VUC4,post70_1,1
629,33VUD3,post70_1,1
630,33VUD4,post70_1,1
631,33VUE3,post70_1,1
632,33VUE4,post70_1,1
633,33VUF3,post70_1,1
634,33VUF4,post70_1,1
635,33VUG3,post70_1,1
636,33VUG4,post70_1,1
637,33VUJ4,post70_1,1
638,33VVC1,post70_1,1
639,33VVC2,post70_1,1
640,33VVC3,post70_1,1
641,33VVC4,post70_1,1
642,33VVD1,post70_1,1
643,33VVD2,post70_1,1
644,33VVD3,post70_1,1
645,33VVD4,post70_1,1
646,33VVE1,post70_1,1
647,33VVE2,post70_1,1
648,33VVE3,post70_1,1
649,33VVE4,post70_1,1
650,33VVF1,post70_1,1
651,33VVF2,post70_1,1
652,33VVF3,post70_1,1
653,33VVF4,post70_1,1
654,33VVG1,post70_1,1
655,33VVG2,post70_1,1
656,33VVG3,post70_1,1
657,33VVG4,post70_1,1
658,33VWC1,post70_1,1
659,33VWC2,post70_1,1
660,33VWC3,post70_1,1
661,33VWC4,post70_1,1
662,33VWD1,post70_1,1
663,33VWD2,post70_1,1
664,33VWD3,post70_1,1
665,33VWD4,post70_1,1
666,33VWE1,post70_1,1
667,33VWE2,post70_1,1
668,33VWE3,post70_1,1
669,33VWE4,post70_1,1
670,33VWF1,post70_1,1
671,33VWF2,post70_1,1
672,33VWF3,post70_1,1
673,33VWF4,post70_1,1
674,33VWG1,post70_1,1
675,33VWG2,post70_1,1
676,33VWG3,post70_1,1
677,33VWG4,post70_1,1
678,33VXC1,post70_1,1
679,33VXC2,post70_1,1
680,33VXD1,post70_1,1
681,33VXD2,post70_1,1
682,33VXD3,post70_1,1
683,33VXD4,post70_1,1
684,33VXE1,post70_1,1
685,33VXE2,post70_1,1
686,33VXE4,post70_1,1
687,33VXF1,post70_1,1
688,33VXF2,post70_1,1
689,33VXF3,post70_1,1
690,33VXF4,post70_1,1
691,33VXG1,post70_1,1
692,33VXG2,post70_1,1
693,33VXH1,post70_1,1
694,33VXH2,post70_1,1
695,33VXJ1,post70_1,1
696,33VXJ2,post70_1,1
697,33VXK2,post70_1,1
698,34SCJ3,pre70_1,2
699,34SDJ1,pre70_1,2
700,34SDJ3,post70_1,1
701,34SDJ4,post70_1,1
702,34SDK2,pre70_1,2
703,34SDK4,post70_1,1
704,34SEG1,post70_1,1
705,34SEG3,pre70_1,2
706,34SEG4,pre70_1,2
707,34SEH3,pre70_1,2
708,34SEH4,post70_1,1
709,34SEJ1,pre70_1,2
710,34SEJ3,pre70_1,2
711,34SEK2,pre70_1,2
712,34SFF1,post70_1,1
713,34SFF4,pre70_1,2
714,34SFG1,post70_1,1
715,34SFG2,pre70_1,2
716,34SFG3,post70_1,1
717,34SFH1,post70_1,1
718,34SFH2,post70_1,1
719,34SFJ1,pre70_1,2
720,34SFJ3,pre70_1,2
721,34SFJ4,post70_1,1
722,34SFK2,post70_1,1
723,34SGH1,pre70_1,2
724,34SGH2,pre70_1,2
725,34SGK2,pre70_1,2
726,34TBN4,post70_1,1
727,34TBP3,pre70_1,2
728,34TBP4,post70_1,1
729,34TBR3,post70_1,1
730,34TBR4,post70_1,1
731,34TCK3,pre70_1,2
732,34TCM1,post70_1,1
733,34TCM3,pre70_1,2
734,34TCN1,post70_1,1
735,34TCN2,post70_1,1
736,34TCN3,pre70_1,2
737,34TCN4,post70_1,1
738,34TCP1,pre70_1,2
739,34TCP2,post70_1,1
740,34TCP3,post70_1,1
741,34TCP4,pre70_1,2
742,34TCQ1,post70_1,1
743,34TCQ2,pre70_1,2
744,34TCQ3,post70_1,1
745,34TCQ4,post70_1,1
746,34TCR1,post70_1,1
747,34TCR2,post70_1,1
748,34TCR3,post70_1,1
749,34TCR4,post70_1,1
750,34TCT1,post70_1,1
751,34TCT3,post70_1,1
752,34TDL1,post70_1,1
753,34TDL2,post70_1,1
754,34TDL3,post70_1,1
755,34TDL4,post70_1,1
756,34TDM1,post70_1,1
757,34TDM3,post70_1,1
758,34TDM4,post70_1,1
759,34TDN1,post70_1,1
760,34TDN2,post70_1,1
761,34TDN3,post70_1,1
762,34TDN4,pre70_1,2
763,34TDP1,post70_1,1
764,34TDP2,post70_1,1
765,34TDP3,post70_1,1
766,34TDP4,post70_1,1
767,34TDQ1,post70_1,1
768,34TDQ2,post70_1,1
769,34TDQ3,post70_1,1
770,34TDQ4,post70_1,1
771,34TDR2,post70_1,1
772,34TDT1,post70_1,1
773,34TDT3,post70_1,1
774,34TEK1,post70_1,1
775,34TEK3,post70_1,1
776,34TEL1,pre70_1,2
777,34TEL2,post70_1,1
778,34TEL3,post70_1,1
779,34TEL4,post70_1,1
780,34TEM1,post70_1,1
781,34TEM2,post70_1,1
782,34TEM3,pre70_1,2
783,34TEM4,post70_1,1
784,34TEN2,post70_1,1
785,34TEN3,post70_1,1
786,34TEN4,post70_1,1
787,34TEP2,post70_1,1
788,34TEP3,post70_1,1
789,34TEP4,post70_1,1
790,34TEQ1,post70_1,1
791,34TEQ4,pre70_1,2
792,34TET3,post70_1,1
793,34TFK1,post70_1,1
794,34TFK3,post70_1,1
795,34TFL1,post70_1,1
796,34TFL2,post70_1,1
797,34TFL3,post70_1,1
798,34TFL4,post70_1,1
799,34TFM1,post70_1,1
800,34TFM2,post70_1,1
801,34TFM3,post70_1,1
802,34TFM4,post70_1,1
803,34TFN1,post70_1,1
804,34TFN2,post70_1,1
805,34TFN3,pre70_1,2
806,34TFN4,post70_1,1
807,34TFP1,post70_1,1
808,34TFP2,post70_1,1
809,34TFP4,pre70_1,2
810,34TFQ1,post70_1,1
811,34TFQ2,post70_1,1
812,34TFR1,pre70_1,2
813,34TFR3,pre70_1,2
814,34TFS3,post70_1,1
815,34TFT4,pre70_1,2
816,34TGK1,pre70_1,2
817,34TGL1,post70_1,1
818,34TGL2,post70_1,1
819,34TGM1,post70_1,1
820,34TGM2,post70_1,1
821,34TGN1,pre70_1,2
822,34TGN2,post70_1,1
823,34TGS1,post70_1,1
824,34TGT2,post70_1,1
825,34UCA1,post70_1,1
826,34UCA2,post70_1,1
827,34UCA3,post70_1,1
828,34UCA4,post70_1,1
829,34UCB1,pre70_1,2
830,34UCB2,pre70_1,2
831,34UCB3,pre70_1,2
832,34UCB4,pre70_1,2
833,34UCC1,pre70_1,2
834,34UCC2,pre70_1,2
835,34UCC3,pre70_1,2
836,34UCC4,pre70_1,2
837,34UCD1,post70_1,1
838,34UCD2,pre70_1,2
839,34UCD3,post70_1,1
840,34UCD4,pre70_1,2
841,34UCE1,post70_1,1
842,34UCE2,pre70_1,2
843,34UCE3,post70_1,1
844,34UCE4,pre70_1,2
845,34UCF1,pre70_1,2
846,34UCF2,post70_1,1
847,34UCF4,post70_1,1
848,34UCU1,post70_1,1
849,34UCU2,post70_1,1
850,34UCU3,post70_1,1
851,34UCU4,post70_1,1
852,34UCV1,post70_1,1
853,34UCV2,post70_1,1
854,34UCV3,post70_1,1
855,34UCV4,post70_1,1
856,34UDA1,post70_1,1
857,34UDA2,post70_1,1
858,34UDA3,post70_1,1
859,34UDA4,post70_1,1
860,34UDB1,post70_1,1
861,34UDB2,post70_1,1
862,34UDB3,pre70_1,2
863,34UDB4,post70_1,1
864,34UDC1,pre70_1,2
865,34UDC2,pre70_1,2
866,34UDC3,post70_1,1
867,34UDC4,post70_1,1
868,34UDD2,pre70_1,2
869,34UDD3,pre70_1,2
870,34UDD4,pre70_1,2
871,34UDE1,post70_1,1
872,34UDE2,pre70_1,2
873,34UDE3,pre70_1,2
874,34UDF1,post70_1,1
875,34UDF2,post70_1,1
876,34UDF3,post70_1,1
877,34UDF4,post70_1,1
878,34UDG4,post70_1,1
879,34UDU1,post70_1,1
880,34UDU2,post70_1,1
881,34UDU3,post70_1,1
882,34UDU4,post70_1,1
883,34UDV1,post70_1,1
884,34UDV2,post70_1,1
885,34UDV3,post70_1,1
886,34UDV4,post70_1,1
887,34UEA1,post70_1,1
888,34UEA2,post70_1,1
889,34UEA3,post70_1,1
890,34UEA4,post70_1,1
891,34UEB1,pre70_1,2
892,34UEB2,post70_1,1
893,34UEB3,post70_1,1
894,34UEB4,post70_1,1
895,34UEC2,post70_1,1
896,34UEC3,post70_1,1
897,34UEC4,pre70_1,2
898,34UED1,post70_1,1
899,34UED2,post70_1,1
900,34UED3,post70_1,1
901,34UED4,post70_1,1
902,34UEE1,post70_1,1
903,34UEE2,post70_1,1
904,34UEE3,pre70_1,2
905,34UEE4,pre70_1,2
906,34UEF1,post70_1,1
907,34UEF2,post70_1,1
908,34UEF3,post70_1,1
909,34UEF4,post70_1,1
910,34UEG1,post70_1,1
911,34UEG2,post70_1,1
912,34UEG3,post70_1,1
913,34UEG4,post70_1,1
914,34UEU1,post70_1,1
915,34UEU3,post70_1,1
916,34UEV1,post70_1,1
917,34UEV2,post70_1,1
918,34UEV3,post70_1,1
919,34UEV4,post70_1,1
920,34UFA1,post70_1,1
921,34UFA2,post70_1,1
922,34UFA3,post70_1,1
923,34UFB1,post70_1,1
924,34UFB2,post70_1,1
925,34UFB3,post70_1,1
926,34UFB4,post70_1,1
927,34UFC1,pre70_1,2
928,34UFC2,post70_1,1
929,34UFC3,pre70_1,2
930,34UFC4,post70_1,1
931,34UFD1,pre70_1,2
932,34UFD2,post70_1,1
933,34UFD3,post70_1,1
934,34UFD4,post70_1,1
935,34UFE1,pre70_1,2
936,34UFE2,post70_1,1
937,34UFE3,post70_1,1
938,34UFE4,pre70_1,2
939,34UFF1,post70_1,1
940,34UFF2,post70_1,1
941,34UFF3,post70_1,1
942,34UFF4,post70_1,1
943,34UFG1,post70_1,1
944,34UFG2,post70_1,1
945,34UFG3,post70_1,1
946,34UFG4,post70_1,1
947,34UFU2,post70_1,1
948,34UFU4,post70_1,1
949,34UFV1,post70_1,1
950,34UFV2,post70_1,1
951,34VCJ3,post70_1,1
952,34VCJ4,post70_1,1
953,34VCK4,post70_1,1
954,34VCL3,post70_1,1
955,34VCM3,post70_1,1
956,34VCM4,post70_1,1
957,34VCN4,post70_1,1
958,34VCQ3,post70_1,1
959,34VCR4,post70_1,1
960,34VDK2,post70_1,1
961,34VDM1,post70_1,1
962,34VDR1,post70_1,1
963,34VDR2,post70_1,1
964,34VDR3,post70_1,1
965,34VEH1,pre70_1,2
966,34VEH2,post70_1,1
967,34VEH3,post70_1,1
968,34VEH4,post70_1,1
969,34VEJ2,post70_1,1
970,34VEJ3,post70_1,1
971,34VEJ4,post70_1,1
972,34VEK3,post70_1,1
973,34VEK4,post70_1,1
974,34VEL4,post70_1,1
975,34VEM1,post70_1,1
976,34VEM2,post70_1,1
977,34VEM3,post70_1,1
978,34VEM4,post70_1,1
979,34VEN1,post70_1,1
980,34VEN2,post70_1,1
981,34VEN3,post70_1,1
982,34VEN4,post70_1,1
983,34VEP2,post70_1,1
984,34VEP3,post70_1,1
985,34VEP4,post70_1,1
986,34VEQ3,post70_1,1
987,34VER3,post70_1,1
988,34VFH1,post70_1,1
989,34VFH2,post70_1,1
990,34VFH3,post70_1,1
991,34VFJ1,post70_1,1
992,34VFJ2,post70_1,1
993,34VFJ3,post70_1,1
994,34VFJ4,post70_1,1
995,34VFK1,post70_1,1
996,34VFK3,post70_1,1
997,34VFL2,post70_1,1
998,34VFL3,post70_1,1
999,34VFL4,post70_1,1
1000,34VFM1,post70_1,1
1001,34VFM2,post70_1,1
1002,34VFN1,post70_1,1
1003,34VFN2,post70_1,1
1004,34VFP1,post70_1,1
1005,34VFP2,post70_1,1
1006,35SKC4,pre70_1,2
1007,35SLE4,post70_1,1
1008,35SMD2,post70_1,1
1009,35SME2,post70_1,1
1010,35TKE3,pre70_1,2
1011,35TKF3,post70_1,1
1012,35TKF4,post70_1,1
1013,35TKG3,post70_1,1
1014,35TKG4,post70_1,1
1015,35TKH3,post70_1,1
1016,35TKH4,post70_1,1
1017,35TKK3,post70_1,1
1018,35TKK4,post70_1,1
1019,35TLE3,post70_1,1
1020,35TLF1,post70_1,1
1021,35TLF2,post70_1,1
1022,35TLF4,post70_1,1
1023,35TLG1,post70_1,1
1024,35TLG2,post70_1,1
1025,35TLG3,post70_1,1
1026,35TLG4,post70_1,1
1027,35TLH1,post70_1,1
1028,35TLH2,pre70_1,2
1029,35TLH3,post70_1,1
1030,35TLH4,pre70_1,2
1031,35TLJ1,post70_1,1
1032,35TLJ2,post70_1,1
1033,35TLK1,post70_1,1
1034,35TLK3,post70_1,1
1035,35TLK4,post70_1,1
1036,35TLL2,post70_1,1
1037,35TLL4,post70_1,1
1038,35TMF1,post70_1,1
1039,35TMF2,post70_1,1
1040,35TMF3,post70_1,1
1041,35TMF4,post70_1,1
1042,35TMG2,pre70_1,2
1043,35TMG3,post70_1,1
1044,35TMG4,post70_1,1
1045,35TMH1,pre70_1,2
1046,35TMH2,post70_1,1
1047,35TMH3,pre70_1,2
1048,35TMH4,post70_1,1
1049,35TMJ1,post70_1,1
1050,35TMJ4,post70_1,1
1051,35TMK1,pre70_1,2
1052,35TMK2,post70_1,1
1053,35TMK4,post70_1,1
1054,35TML2,post70_1,1
1055,35TMM1,post70_1,1
1056,35TMN2,pre70_1,2
1057,35TNF1,pre70_1,2
1058,35TNF2,pre70_1,2
1059,35TNG1,post70_1,1
1060,35TNG2,post70_1,1
1061,35TNG3,post70_1,1
1062,35TNG4,post70_1,1
1063,35TNH1,post70_1,1
1064,35TNH2,post70_1,1
1065,35TNH3,post70_1,1
1066,35TNH4,pre70_1,2
1067,35TNJ1,pre70_1,2
1068,35TNJ3,post70_1,1
1069,35TNJ4,pre70_1,2
1070,35TNK2,post70_1,1
1071,35TNL1,pre70_1,2
1072,35TNM3,pre70_1,2
1073,35TNN2,post70_1,1
1074,35TPF1,pre70_1,2
1075,35TPF2,pre70_1,2
1076,35TPJ1,post70_1,1
1077,35TPK1,post70_1,1
1078,35TPK3,post70_1,1
1079,35TPL2,post70_1,1
1080,35TPL4,post70_1,1
1081,35TQK1,post70_1,1
1082,35TQL2,post70_1,1
1083,35ULA1,post70_1,1
1084,35ULA2,post70_1,1
1085,35ULA3,post70_1,1
1086,35ULA4,post70_1,1
1087,35ULB1,post70_1,1
1088,35ULB2,post70_1,1
1089,35ULB3,post70_1,1
1090,35ULB4,post70_1,1
1091,35ULV1,post70_1,1
1092,35ULV3,post70_1,1
1093,35UMA1,post70_1,1
1094,35UMA2,post70_1,1
1095,35UMB1,post70_1,1
1096,35UMB2,post70_1,1
1097,35UMB3,post70_1,1
1098,35UMB4,post70_1,1
1099,35UNB1,post70_1,1
1100,35VLC1,post70_1,1
1101,35VLC3,post70_1,1
1102,35VLC4,post70_1,1
1103,35VLD3,post70_1,1
1104,35VLD4,post70_1,1
1105,35VLE3,post70_1,1
1106,35VLE4,post70_1,1
1107,35VLF3,post70_1,1
1108,35VLF4,post70_1,1
1109,35VLG3,post70_1,1
1110,35VLH3,post70_1,1
1111,35VLH4,post70_1,1
1112,35VLJ3,post70_1,1
1113,35VLJ4,post70_1,1
1114,35VMC1,post70_1,1
1115,35VMC2,post70_1,1
1116,35VMC3,post70_1,1
1117,35VMC4,post70_1,1
1118,35VMD1,post70_1,1
1119,35VMD2,post70_1,1
1120,35VMD3,post70_1,1
1121,35VMD4,post70_1,1
1122,35VME1,post70_1,1
1123,35VME2,post70_1,1
1124,35VME3,post70_1,1
1125,35VME4,post70_1,1
1126,35VMF1,post70_1,1
1127,35VMF2,post70_1,1
1128,35VMF3,post70_1,1
1129,35VMF4,post70_1,1
1130,35VMG1,post70_1,1
1131,35VMG2,post70_1,1
1132,35VMG3,post70_1,1
1133,35VMG4,post70_1,1
1134,35VMH1,post70_1,1
1135,35VMH2,post70_1,1
1136,35VMH3,post70_1,1
1137,35VMH4,post70_1,1
1138,35VMJ2,post70_1,1
1139,35VMJ4,post70_1,1
1140,35VMK2,post70_1,1
1141,35VMK4,post70_1,1
1142,35VML4,post70_1,1
1143,35VNC1,post70_1,1
1144,35VNC2,post70_1,1
1145,35VNC3,post70_1,1
1146,35VNC4,post70_1,1
1147,35VND1,post70_1,1
1148,35VND2,post70_1,1
1149,35VND4,pre70_1,2
1150,35VNE1,post70_1,1
1151,35VNE2,post70_1,1
1152,35VNF1,post70_1,1
1153,35VNF2,post70_1,1
1154,35VNF3,post70_1,1
1155,35VNG1,post70_1,1
1156,35VNH1,post70_1,1
1157,35VNH2,post70_1,1
1158,35VNH3,post70_1,1
1159,35VNH4,post70_1,1
1160,35VNJ2,post70_1,1
1161,35VNK2,post70_1,1
1162,35VNK4,post70_1,1
1163,35VPJ1,post70_1,1
1164,35VPJ2,post70_1,1
1165,35VPK2,post70_1,1
